,Brands,Name of product,Prices,Products_url
0,Balmain,B-Runner' Sneakers,550 €,https://www.farfetch.com/de/shopping/men/balmain-b-runner-sneakers-item-15492072.aspx
1,Off-White,OOO Out of Office' Sneakers,390 €,https://www.farfetch.com/de/shopping/men/off-white-ooo-out-of-office-sneakers-item-15280756.aspx
2,adidas YEEZY,BOOST 380' Sneakers,352 €,https://www.farfetch.com/de/shopping/men/adidas-yeezy-boost-380-sneakers-item-15646643.aspx
3,Balenciaga,Track.2 Open' Sneakers,750 €,https://www.farfetch.com/de/shopping/men/balenciaga-track2-open-sneakers-item-15367962.aspx
4,Dsquared2,Cowboystiefel mit Blockabsatz,900 €,https://www.farfetch.com/de/shopping/men/dsquared2-cowboystiefel-mit-blockabsatz-item-15405935.aspx
5,R.M.Williams,Comfort Craftsman' Chelsea-Boots,450 €,https://www.farfetch.com/de/shopping/men/rmwilliams-comfort-craftsman-chelsea-boots-item-14947371.aspx
6,AMIRI,buckle ankle boots,1.180 €,https://www.farfetch.com/de/shopping/men/amiri-buckle-ankle-boots-item-15822774.aspx
7,Alexander McQueen,'Tread' Chelsea-Boots,690 €,https://www.farfetch.com/de/shopping/men/alexander-mcqueen-tread-chelsea-boots-item-15779855.aspx
8,Valentino Garavani,Valentino Garavani 'Rockstud' Sneakers,540 €,https://www.farfetch.com/de/shopping/men/valentino-garavani-valentino-garavani-rockstud-sneakers-item-15496670.aspx
9,Philipp Plein,'Phantom' Sneakers,1.875 €,https://www.farfetch.com/de/shopping/men/philipp-plein-phantom-sneakers-item-15389069.aspx
10,Off-White,'OOO Out of Office' Sneakers,390 €,https://www.farfetch.com/de/shopping/men/off-white-ooo-out-of-office-sneakers-item-15280755.aspx
11,Maison Margiela,'Basketball' High-Top-Sneakers,790 €,https://www.farfetch.com/de/shopping/men/maison-margiela-basketball-high-top-sneakers-item-15487934.aspx
12,Bottega Veneta,'BV Level' Loafer,650 €,https://www.farfetch.com/de/shopping/men/bottega-veneta-bv-level-loafer-item-15800271.aspx
13,Edhen Milano,'Comporta' Loafer mit Haken,719 €,https://www.farfetch.com/de/shopping/men/edhen-milano-comporta-loafer-mit-haken-item-15588863.aspx
14,Maison Margiela,Loafer mit Tabi-Kappe,846 €,https://www.farfetch.com/de/shopping/men/maison-margiela-loafer-mit-tabi-kappe-item-15819261.aspx
15,Magnanni,Loafer mit Quasten,464 €,https://www.farfetch.com/de/shopping/men/magnanni-loafer-mit-quasten-item-15589402.aspx
16,Jordan,'Air Jordan 1 High OG Bio Hack' Sneakers,419 €,https://www.farfetch.com/de/shopping/men/jordan-air-jordan-1-high-og-bio-hack-sneakers-item-15817659.aspx
17,Nike,'Air Force 1 GORE-TEX' Sneakers,288 €,https://www.farfetch.com/de/shopping/men/nike-air-force-1-gore-tex-sneakers-item-15820382.aspx
18,Off-White,'OOO Out of Office' Sneakers,390 €,https://www.farfetch.com/de/shopping/men/gucci-rython-sneakers-item-15848425.aspx
19,Gucci,'Rython' Sneakers ,790 €,https://www.farfetch.com/de/shopping/men/adidas-yeezy-yeezy-boost-350-v2-sneakers-item-15477806.aspx
20,Jordan,'Air Jordan 1 Mid' Sneakers,253 €,https://www.farfetch.com/de/shopping/men/alexander-mcqueen-oversized-sneakers-item-15632365.aspx
21,adidas YEEZY,'Yeezy Boost 350 V2' Sneakers,602 €,https://www.farfetch.com/de/shopping/men/marcelo-burlon-county-of-milan-c-run-3000-sneakers-item-15615058.aspx
22,Alexander McQueen,'Oversized' Sneakers,450 €,https://www.farfetch.com/de/shopping/men/neil-barrett-metal-applique-oxford-shoes-item-15837269.aspx
23,Marcelo Burlon County of Milan,'C-Run 3000' Sneakers,335 €,https://www.farfetch.com/de/shopping/men/magnanni-oxford-schuhe-mit-kroko-effekt-item-15588871.aspx
24,Neil Barrett,metal appliqué Oxford shoes,394 €,https://www.farfetch.com/de/shopping/men/henderson-baracco-lace-up-shoes-item-15842095.aspx
25,Magnanni,Oxford-Schuhe mit Kroko-Effekt,489 €,https://www.farfetch.com/de/shopping/men/maison-margiela-high-top-sneakers-mit-einsatzen-item-15788012.aspx
26,Henderson Baracco,lace-up shoes,390 €,https://www.farfetch.com/de/shopping/men/adidas-yeezy-yeezy-boost-700-mnvn-sneakers-item-15464458.aspx
27,Maison Margiela,High-Top-Sneakers mit Einsätzen,730 €,https://www.farfetch.com/de/shopping/men/jordan-air-jordan-1-mid-oakland-sneakers-item-15840639.aspx
28,adidas YEEZY,'Yeezy Boost 700 MNVN' Sneakers,2.063 €,https://www.farfetch.com/de/shopping/men/ami-high-top-sneakers-mit-lederbesatz-item-15134094.aspx
29,Jordan,'Air Jordan 1 Mid Oakland' Sneakers,267 €,https://www.farfetch.com/de/shopping/men/magnanni-loafer-mit-quasten-item-15587304.aspx
30,AMI,High-Top-Sneakers mit Lederbesatz,270 €,https://www.farfetch.com/de/shopping/men/malone-souliers-bruno-loafer-mit-runder-kappe-item-15829817.aspx
31,Magnanni,Loafer mit Quasten,465 €,https://www.farfetch.com/de/shopping/men/giuseppe-zanotti-loafer-mit-transparentem-absatz-item-15807372.aspx
32,Malone Souliers,'Bruno' Loafer mit runder Kappe,443 €,https://www.farfetch.com/de/shopping/men/rick-owens-drkshdw-stiefel-mit-plateausohle-item-14976630.aspx
33,Giuseppe Zanotti,Loafer mit transparentem Absatz,790 €,https://www.farfetch.com/de/shopping/men/1017-alyx-9sm-chelsea-boots-mit-schnalle-item-15807062.aspx
34,Rick Owens DRKSHDW,Stiefel mit Plateausohle,585 €,https://www.farfetch.com/de/shopping/men/rmwilliams-comfort-turnout-chelsea-boots-item-15150261.aspx
35,1017 ALYX 9SM,Chelsea-Boots mit Schnalle,774 €,https://www.farfetch.com/de/shopping/men/givenchy-high-top-sneakers-item-15800615.aspx
36,R.M.Williams,'Comfort Turnout' Chelsea-Boots,450 €,https://www.farfetch.com/de/shopping/men/acne-studios-trail-sneakers-item-15501883.aspx
37,Givenchy,High-Top-Sneakers,850 €,https://www.farfetch.com/de/shopping/men/maison-margiela-bemalte-tabi-high-top-sneakers-item-15807492.aspx
38,Acne Studios,'Trail' Sneakers,360 €,https://www.farfetch.com/de/shopping/men/comme-des-garcons-homme-plus-flache-sneakers-item-15783162.aspx
39,Maison Margiela,Bemalte 'Tabi' High-Top-Sneakers,490 €,https://www.farfetch.com/de/shopping/men/maison-margiela-ranger-bikerstiefel-item-15776215.aspx
40,Comme Des Garçons Homme Plus,Flache Sneakers,628 €,https://www.farfetch.com/de/shopping/men/versace-knochelhohe-schnurstiefel-item-15807358.aspx
41,Maison Margiela,'Ranger' Bikerstiefel,1.390 €,https://www.farfetch.com/de/shopping/men/marsell-knochelhohe-schnurstiefel-item-15733989.aspx
42,Versace,Knöchelhohe Schnürstiefel,890 €,https://www.farfetch.com/de/shopping/men/jimmy-choo-jimmy-choo-x-timberland-schnurstiefel-item-15698848.aspx
43,Marsèll,Knöchelhohe Schnürstiefel,798 €,https://www.farfetch.com/de/shopping/men/jordan-jordan-x-union-air-jordan-4-sp-sneakers-item-15804368.aspx
44,Jimmy Choo,Jimmy Choo x Timberland Schnürstiefel,550 €,https://www.farfetch.com/de/shopping/men/philipp-plein-hexagon-sneakers-item-15543868.aspx
45,Jordan,jordan x Union 'Air Jordan 4 SP' Sneakers,2.250 €,https://www.farfetch.com/de/shopping/men/adidas-yeezy-yeezy-350-v2-israfil-sneakers-item-15798613.aspx
46,Philipp Plein,'Hexagon' Sneakers,650 €,https://www.farfetch.com/de/shopping/men/prada-prax-01-sneakers-item-15792071.aspx
47,adidas YEEZY,'Yeezy 350 v2 Israfil' Sneakers,483 €,https://www.farfetch.com/de/shopping/men/salvatore-ferragamo-schnurschuhe-mit-profilsohle-item-15461617.aspx
48,Prada,Prax 01 Sneakers,590 €,https://www.farfetch.com/de/shopping/men/churchs-wareham-oxford-schuhe-item-14974566.aspx
49,Salvatore Ferragamo,Schnürschuhe mit Profilsohle,595 €,https://www.farfetch.com/de/shopping/men/versace-budapester-mit-profilsohle-item-14760965.aspx
50,Church's,'Wareham' Oxford-Schuhe,550 €,https://www.farfetch.com/de/shopping/men/thom-browne-longwing-budapester-item-14775494.aspx
51,Versace,Budapester mit Profilsohle,650 €,https://www.farfetch.com/de/shopping/men/balenciaga-sock-sneakers-mit-schnurung-item-15365501.aspx
52,Thom Browne,'Longwing' Budapester,1.170 €,https://www.farfetch.com/de/shopping/men/jordan-air-jordan-1-sneakers-item-15793346.aspx
53,Balenciaga,Sock-Sneakers mit Schnürung,650 €,https://www.farfetch.com/de/shopping/men/adidas-yeezy-700-v3-sneakers-item-15642989.aspx
54,Jordan,'Air Jordan 1' Sneakers,184 €,https://www.farfetch.com/de/shopping/men/off-white-odsy-1000-sneakers-item-15486218.aspx
55,adidas YEEZY,'700 V3' Sneakers,727 €,https://www.farfetch.com/de/shopping/men/eytys-rocco-stiefel-item-15185723.aspx
56,Off-White,'Odsy-1000' Sneakers,525 €,https://www.farfetch.com/de/shopping/men/common-projects-knochelhohe-stiefel-item-15729237.aspx
57,Eytys,'Rocco' Stiefel,319 €,https://www.farfetch.com/de/shopping/men/marsell-chelsea-boots-mit-profilsohle-item-15700429.aspx
58,Common Projects,Knöchelhohe Stiefel,517 €,https://www.farfetch.com/de/shopping/men/amiri-wildlederstiefel-mit-bandana-item-15679709.aspx
59,Marsèll,Chelsea-Boots mit Profilsohle,898 €,https://www.farfetch.com/de/shopping/men/giuseppe-zanotti-loafer-mit-transparentem-absatz-item-15558008.aspx
60,AMIRI,Wildlederstiefel mit Bandana,1.180 €,https://www.farfetch.com/de/shopping/men/ami-loafer-mit-eckiger-kappe-item-15134084.aspx
61,Giuseppe Zanotti,Loafer mit transparentem Absatz,895 €,https://www.farfetch.com/de/shopping/men/moschino-monk-schuhe-item-15657300.aspx
62,AMI,Loafer mit eckiger Kappe,395 €,https://www.farfetch.com/de/shopping/men/gucci-parida-loafer-mit-quasten-item-15392882.aspx
63,Moschino,Monk-Schuhe,370 €,https://www.farfetch.com/de/shopping/men/1017-alyx-9sm-statement-stiefel-item-15822591.aspx
64,Gucci,'Parida' Loafer mit Quasten,690 €,https://www.farfetch.com/de/shopping/men/a-cold-wall-chelsea-boots-item-15773205.aspx
65,1017 ALYX 9SM,Statement-Stiefel,879 €,https://www.farfetch.com/de/shopping/men/amiri-stiefel-mit-doppelter-schnalle-item-15789234.aspx
66,A-COLD-WALL*,Chelsea-Boots,612 €,https://www.farfetch.com/de/shopping/men/saint-laurent-wyatt-40-stiefel-item-15510769.aspx
67,AMIRI,Stiefel mit doppelter Schnalle,910 €,https://www.farfetch.com/de/shopping/men/marcelo-burlon-county-of-milan-xxi-vulcanized-high-top-sneakers-item-15346363.aspx
68,Saint Laurent,'Wyatt 40' Stiefel,695 €,https://www.farfetch.com/de/shopping/men/adidas-nmdr1-low-top-sneakers-item-15583268.aspx
69,Marcelo Burlon County of Milan,'XXI Vulcanized' High-Top-Sneakers,270 €,https://www.farfetch.com/de/shopping/men/off-white-sneakers-item-15280751.aspx
70,adidas,NMD_R1 low-top sneakers,126 €,https://www.farfetch.com/de/shopping/men/nike-air-max-270-sneakers-item-15589864.aspx
71,Off-White,Sneakers,345 €,https://www.farfetch.com/de/shopping/men/jordan-air-jordan-12-retro-sneakers-item-15665311.aspx
72,Nike,'Air Max 270' Sneakers,143 €,https://www.farfetch.com/de/shopping/men/maison-margiela-sneakers-mit-kontrasteinsatzen-item-15652301.aspx
73,Jordan,'Air Jordan 12 Retro' Sneakers,461 €,https://www.farfetch.com/de/shopping/men/valentino-garavani-open-sneakers-item-15682994.aspx
74,Maison Margiela,Sneakers mit Kontrasteinsätzen,370 €,https://www.farfetch.com/de/shopping/men/nike-air-max-90-supernova-galaxy-sneakers-item-15571838.aspx
75,Valentino Garavani,'Open' Sneakers,490 €,https://www.farfetch.com/de/shopping/men/bottega-veneta-bv-stilt-loafer-item-15337446.aspx
76,Nike,'Air Max 90 Supernova Galaxy' Sneakers,281 €,https://www.farfetch.com/de/shopping/men/prada-loafer-mit-eckiger-kappe-item-15622051.aspx
77,Bottega Veneta,'BV Stilt' Loafer,790 €,https://www.farfetch.com/de/shopping/men/marsell-derby-schuhe-mit-dicker-sohle-item-15547860.aspx
78,Prada,Loafer mit eckiger Kappe,750 €,https://www.farfetch.com/de/shopping/men/churchs-shannon-derby-schuhe-item-15045675.aspx
79,Marsèll,Derby-Schuhe mit dicker Sohle,898 €,https://www.farfetch.com/de/shopping/men/adidas-ultraboost-mtl-sneakers-item-15696317.aspx
80,Church's,'Shannon' Derby-Schuhe,690 €,https://www.farfetch.com/de/shopping/men/jordan-air-jordan-1-mid-se-sneakers-item-15725239.aspx
81,adidas,'Ultraboost MTL' Sneakers,192 €,https://www.farfetch.com/de/shopping/men/valentino-garavani-valentino-garavani-rockrunner-plus-sneakers-item-15688767.aspx
82,Jordan,'Air Jordan 1 Mid SE' Sneakers,184 €,https://www.farfetch.com/de/shopping/men/philipp-plein-money-beast-sneakers-mit-flammen-item-15543976.aspx
83,Valentino Garavani,Valentino Garavani 'Rockrunner Plus' Sneakers,650 €,https://www.farfetch.com/de/shopping/men/bottega-veneta-bv-tire-stiefel-item-15701009.aspx
84,Philipp Plein,'Money Beast' Sneakers mit Flammen,4.998 €,https://www.farfetch.com/de/shopping/men/adieu-paris-adieu-paris-x-etudes-chelsea-boots-item-15485720.aspx
85,Bottega Veneta,'BV Tire' Stiefel,850 €,https://www.farfetch.com/de/shopping/men/dsquared2-stiefel-mit-kontrastsohle-item-14976681.aspx
86,Adieu Paris,Adieu Paris x Études Chelsea-Boots,385 €,https://www.farfetch.com/de/shopping/men/marsell-stiefel-mit-geriffelter-sohle-item-15547844.aspx
87,Dsquared2,Stiefel mit Kontrastsohle,535 €,https://www.farfetch.com/de/shopping/men/valentino-garavani-valentino-garavani-vltn-pantoletten-item-15694102.aspx
88,Marsèll,Stiefel mit geriffelter Sohle,798 €,https://www.farfetch.com/de/shopping/men/maison-margiela-high-top-sneakers-mit-einsatzen-item-15788012.aspx
